{"cameraMode":{"drawMode":0,"name":"Shaded","section":"Shading Mode"},"sceneLighting":true,"audioPlay":false,"sceneViewState":{"m_AlwaysRefresh":true,"showFog":true,"showSkybox":true,"showFlares":true,"showImageEffects":true,"showParticleSystems":true,"showVisualEffectGraphs":true,"m_FxEnabled":true},"in2DMode":false,"pivot":{"x":-1.811795711517334,"y":4.116968631744385,"z":-11.517874717712403},"rotation":{"x":0.015805402770638467,"y":0.02089977264404297,"z":-0.0003304148849565536,"w":0.9996605515480042},"size":1.2124356031417847,"orthographic":false}